,display_name,MAC_Address,IP_Address,Discovery_Time,Analysis_Level,Bytes_In,Bytes_Out
0,RTMNB1392,68:54:5A:42:96:E5,10.21.246.101,2023-03-13 15:03:00,standard,0,0
1,C006940100,00:2B:67:3D:9C:6D,169.254.157.123,2023-03-13 14:48:00,standard,0,0
2,6e3-229,D4:3A:65:0D:2A:C0,172.22.151.3,2023-03-13 14:28:00,standard,0,0
3,Device be0516c6a3700000,BE:05:16:C6:A3:70,,2023-03-13 14:22:00,standard,0,0
4,Device 2047d2cf2c6c0000,20:47:D2:CF:2C:6C,192.168.180.49,2023-03-13 14:15:30,standard,174463394,174463394
5,Device 5477876f8af70000,54:77:87:6F:8A:F7,192.168.99.75,2023-03-13 13:54:30,standard,5275049338,5275049338
6,Device ce8ef15d72720000,CE:8E:F1:5D:72:72,192.168.88.53,2023-03-13 13:53:30,standard,94,94
7,Device 3200237eaf4e0000,32:00:23:7E:AF:4E,10.21.241.61,2023-03-13 13:38:30,standard,762,762
8,Device a2437502d4bb0000,A2:43:75:02:D4:BB,169.254.9.252,2023-03-13 13:31:30,standard,0,0
9,Device 82ceedec5e8a0000,82:CE:ED:EC:5E:8A,192.168.99.74,2023-03-13 13:27:00,standard,0,0
10,MiWiFi-RB02,A4:39:B3:8F:28:CF,192.168.99.71,2023-03-13 13:13:30,standard,428430,428430
11,Device bec5003d3edf0000,BE:C5:00:3D:3E:DF,192.168.88.23,2023-03-13 13:10:30,standard,188,188
12,290-6eb,00:E0:4C:68:C3:BC,172.26.6.12,2023-03-13 13:07:30,standard,3456,3456
13,Remote 172.29.118.38,,172.29.118.38,2023-03-13 12:33:30,standard,32056,32056
14,Device c22af152858d0000,C2:2A:F1:52:85:8D,10.21.233.3,2023-03-13 12:01:30,standard,32083662,32083662
15,Pixel-6a,72:5B:14:B3:CE:F2,,2023-03-13 11:38:00,standard,497,497
16,DESKTOP-GHM8G1M,9C:2D:CD:53:C4:09,10.10.40.103,2023-03-13 11:36:00,standard,553129029,553129029
17,R060471100,DE:D6:0C:A8:D3:42,172.26.76.21,2023-03-13 11:16:30,standard,36567047,36567047
18,Device 22b6ef0690da0000,22:B6:EF:06:90:DA,172.26.16.15,2023-03-13 11:11:00,standard,51020,51020
19,a30-801,00:E0:4C:D3:EB:B5,172.22.151.2,2023-03-13 11:07:30,standard,0,0
20,5d5-bb1,C8:7F:54:2D:5B:D9,,2023-03-13 11:04:30,standard,0,0
21,R073920100,60:6D:3C:6C:BD:37,192.168.99.45,2023-03-13 10:46:30,standard,0,0
22,DESKTOP-32O4RK2,5C:51:4F:2B:79:4C,172.26.11.22,2023-03-13 10:32:00,standard,226935,226935
23,linxihongdeMBP,A4:5E:60:BA:1D:A7,172.26.76.20,2023-03-13 10:31:30,standard,52484843,52484843
24,DESKTOP-D5JKCJU,70:5D:CC:F4:39:37,169.254.236.229,2023-03-13 10:24:30,standard,0,0
25,Device 8ef44ac6e5a00000,8E:F4:4A:C6:E5:A0,10.21.248.62,2023-03-13 10:24:00,standard,0,0
26,Device 9ac41ff9b2ae0000,9A:C4:1F:F9:B2:AE,172.26.15.12,2023-03-13 10:19:00,standard,187241,187241
27,Device 6a268b8543a00000,6A:26:8B:85:43:A0,192.168.88.25,2023-03-13 09:58:30,standard,94,94
28,LGwebOSTV,E8:5B:5B:24:03:10,10.10.40.35,2023-03-13 09:55:00,standard,142042910,142042910
29,Device 42004f7a73a90000,42:00:4F:7A:73:A9,192.168.88.10,2023-03-13 09:05:00,standard,416514,416514
30,R68443102,60:6D:3C:6B:AA:C0,192.168.1.2,2023-03-13 08:51:30,standard,526110,526110
31,Remote 172.29.118.34,,172.29.118.34,2023-03-12 20:15:30,standard,62923155,62923155
32,Remote 172.29.118.33,,172.29.118.33,2023-03-12 20:11:30,standard,2052802,2052802
33,Device 86e7684a73760000,86:E7:68:4A:73:76,192.168.3.37,2023-03-12 17:33:00,standard,31680,31680
34,Device d6cdf452e2ed0000,D6:CD:F4:52:E2:ED,,2023-03-12 16:48:00,standard,0,0
35,Device ae8ba926656d0000,AE:8B:A9:26:65:6D,192.168.88.4,2023-03-12 11:04:00,standard,0,0
36,REALTEK SEMICONDUCTOR 932054,00:E0:4C:93:20:54,192.168.1.254,2023-03-11 22:30:30,standard,202756,202756
37,ELZ-AN00,00:E3:62:23:74:92,192.168.1.158,2023-03-11 16:38:30,standard,6153790,6153790
38,r3002000.raehub.com,04:42:1A:C2:C7:70,192.168.1.26,2023-03-11 14:39:30,standard,3166833008,3166833008
39,REALTEK SEMICONDUCTOR 853627,00:E0:4C:85:36:27,192.168.1.254,2023-03-11 10:11:30,advanced,213741,213741
40,916-334,F8:75:A4:DC:AA:56,192.168.99.64,2023-03-10 17:20:30,advanced,0,0
41,Remote 172.18.89.4,,172.18.89.4,2023-03-10 17:15:00,standard,0,0
42,DESKTOP-GQRAI94,7C:21:4A:42:A5:A9,10.21.248.65,2023-03-10 16:53:30,standard,1713741220,1713741220
43,DESKTOP-J678C16,00:E0:4C:0C:E0:8A,10.21.241.55,2023-03-10 16:29:30,standard,198990798,198990798
44,Device 88c9e87dec3c0000,88:C9:E8:7D:EC:3C,192.168.50.129,2023-03-10 16:26:30,standard,0,0
45,858-284,9C:2D:CD:53:C7:33,,2023-03-10 16:00:30,standard,0,0
46,Device 340d348a419b0000,34:0D:34:8A:41:9B,192.168.180.51,2023-03-10 15:50:30,standard,318859143,318859143
47,Device 7eb139d3e8390000,7E:B1:39:D3:E8:39,192.168.88.4,2023-03-10 15:49:30,standard,169064,169064
48,vivo-X60t,AE:AF:35:F3:35:85,192.168.1.188,2023-03-10 15:40:00,standard,5256092368,5256092368
49,iPhone,C2:2D:33:31:40:00,192.168.1.187,2023-03-10 15:39:00,standard,9334129176,9334129176
50,JAD-AL50,B2:02:9B:23:E8:3D,192.168.1.186,2023-03-10 15:38:30,standard,199889850,199889850
51,CET-AL00,02:61:D5:19:36:39,192.168.1.185,2023-03-10 15:37:30,standard,331609697,331609697
52,DESKTOP-G96VHSD,BA:FC:02:C4:FC:CC,10.172.192.67,2023-03-10 15:36:30,standard,468966031,468966031
53,Device 2a4f8487d2a80000,2A:4F:84:87:D2:A8,192.168.1.184,2023-03-10 15:35:30,standard,8105844336,8105844336
54,Device 322f8663bd560000,32:2F:86:63:BD:56,192.168.1.183,2023-03-10 15:35:30,standard,6639903677,6639903677
55,BendeAir,AC:C9:06:22:2E:74,10.21.246.92,2023-03-10 15:35:00,standard,22663479,22663479
56,Device c2920952e41d0000,C2:92:09:52:E4:1D,192.168.1.181,2023-03-10 15:34:00,standard,41498105313,41498105313
57,OPPO-Find-X5-Pro-tian-ji-ban,CE:22:BB:13:54:7C,192.168.1.180,2023-03-10 15:32:30,standard,3603352979,3603352979
58,RTK_GW,00:E0:35:40:98:CD,192.168.99.30,2023-03-10 15:32:00,standard,2148118144,2148118144
59,Device 8e692ae584c00000,8E:69:2A:E5:84:C0,192.168.1.179,2023-03-10 15:31:00,standard,102091488,102091488
60,HONOR-70-Pro,E2:68:01:C8:6B:3B,192.168.1.176,2023-03-10 15:29:30,standard,7922087418,7922087418
61,Galaxy-S20-5G,26:A7:12:EA:DF:5C,192.168.1.177,2023-03-10 15:29:30,standard,3986650732,3986650732
62,ABR-AL00,02:48:15:64:CC:98,10.172.192.68,2023-03-10 15:29:00,standard,892265504,892265504
63,AcerWan-PC,2E:CA:09:55:17:40,10.172.192.66,2023-03-10 15:29:00,standard,30126814,30126814
64,nova_7_SE_5G_???-9cd1c3c1,C2:7A:9D:8F:33:87,192.168.1.175,2023-03-10 15:28:00,standard,198264934,198264934
65,OPPO-Find-X3-Pro,A6:A0:B5:5C:33:1D,192.168.1.174,2023-03-10 15:22:00,standard,2357868516,2357868516
66,ypchiutekiiPad,7E:61:F1:3E:72:C5,192.168.1.173,2023-03-10 15:21:00,standard,86832050,86832050
67,OCE-AN50,22:FD:A3:4C:6F:8D,192.168.1.172,2023-03-10 15:21:00,standard,94134680,94134680
68,Galaxy-S21-5G,66:DA:5C:CF:2D:14,192.168.1.170,2023-03-10 15:19:30,standard,8590955763,8590955763
69,Galaxy-S22,0E:57:15:B1:6E:D0,192.168.1.169,2023-03-10 15:17:30,standard,341455417,341455417
70,OnePlus-10-Pro,76:47:89:BB:12:F9,192.168.1.168,2023-03-10 15:17:30,standard,6639638103,6639638103
71,airport-for-bct,DC:A4:CA:BA:04:8B,172.26.6.59,2023-03-10 15:17:00,standard,0,0
72,Device 12f68e2c03460000,12:F6:8E:2C:03:46,192.168.1.167,2023-03-10 15:16:00,standard,20187288662,20187288662
73,BlackShark,16:C3:82:58:55:27,192.168.1.166,2023-03-10 15:15:00,standard,1363417651,1363417651
74,OPPO-Reno8-Pro-5G,AE:B7:C6:E1:43:FE,192.168.1.165,2023-03-10 15:12:00,standard,42249198852,42249198852
75,HONOR-60-Pro,22:24:1C:86:B3:C5,192.168.1.163,2023-03-10 15:11:00,standard,5237188362,5237188362
76,vivo-S6,F2:6F:35:01:91:AF,192.168.1.162,2023-03-10 15:10:00,standard,6994431226,6994431226
77,Xiaomi-13-Pro,06:D7:5F:C0:A1:18,192.168.1.161,2023-03-10 15:09:00,standard,4009126130,4009126130
78,Device fef432ee6d260000,FE:F4:32:EE:6D:26,192.168.1.160,2023-03-10 15:08:00,standard,37321708627,37321708627
79,Device 3edb48d22af60000,3E:DB:48:D2:2A:F6,192.168.1.159,2023-03-10 15:07:00,standard,35318869,35318869
80,ELZ-AN00,02:7B:4C:A3:FF:FF,192.168.1.158,2023-03-10 15:06:30,standard,3549200084,3549200084
81,MiWiFi-R2100,28:D1:27:05:EA:98,,2023-03-10 15:06:30,standard,12696,12696
82,HONOR_X10-899985eb4fc1787,F2:81:E9:EF:E2:E3,192.168.1.157,2023-03-10 15:05:30,standard,318199197,318199197
83,vivo-S12,32:49:7C:5F:49:D3,192.168.1.155,2023-03-10 15:04:00,standard,11506247199,11506247199
84,Device 4ea5ad0826f20000,4E:A5:AD:08:26:F2,192.168.1.156,2023-03-10 15:04:00,standard,11808129136,11808129136
85,HONOR_30S-abf34e254f1b080,32:9B:9F:8F:AB:3F,192.168.1.154,2023-03-10 15:02:30,standard,17613189,17613189
86,Galaxy-S22-Ultra,CA:8F:23:CF:9C:B8,192.168.1.153,2023-03-10 15:01:00,standard,2644016637,2644016637
87,vivo-X60,2E:D4:6F:34:31:60,192.168.1.152,2023-03-10 14:59:30,standard,4417527,4417527
88,Device ee4f06b89b660000,EE:4F:06:B8:9B:66,10.21.233.22,2023-03-10 14:58:30,standard,398389,398389
89,Pixel-4,1A:E3:EE:B3:CD:ED,192.168.1.151,2023-03-10 14:57:30,standard,487766460,487766460
90,Device 7626324ee11b0000,76:26:32:4E:E1:1B,,2023-03-10 14:57:00,standard,0,0
91,JER-AN20,B2:EE:C4:40:F1:7A,192.168.1.150,2023-03-10 14:56:00,standard,3883001158,3883001158
92,Device 261cf73788de0000,26:1C:F7:37:88:DE,192.168.1.149,2023-03-10 14:54:00,standard,12343860571,12343860571
93,HONOR_30_Pro-ba807a2d4e0a,82:43:3D:70:96:8B,192.168.1.148,2023-03-10 14:53:30,standard,5675778955,5675778955
94,HONOR_V30_PRO-5f3018259a3,C2:E2:BE:8E:C0:6F,192.168.1.147,2023-03-10 14:52:30,standard,2158321415,2158321415
95,Galaxy-Note20-5G,1E:73:85:83:B4:E4,192.168.1.146,2023-03-10 14:52:30,standard,2724551977,2724551977
96,HONOR_V40-a3cb14dfc041dbc,F2:8E:22:9B:C7:C7,192.168.1.145,2023-03-10 14:50:00,standard,3493162879,3493162879
97,Device d6a22b31a7050000,D6:A2:2B:31:A7:05,192.168.1.143,2023-03-10 14:45:30,standard,37213437056,37213437056
98,vivo-iQOO-Pro,16:4B:E3:FE:B7:F2,192.168.1.144,2023-03-10 14:45:30,standard,1310049723,1310049723
99,Device a63fd203f5e70000,A6:3F:D2:03:F5:E7,192.168.1.142,2023-03-10 14:44:00,standard,287118009,287118009
100,Device 82fd8913337f0000,82:FD:89:13:33:7F,192.168.1.140,2023-03-10 14:42:00,standard,13900487021,13900487021
101,Pixel-5,52:E3:B5:BC:AB:9A,192.168.1.139,2023-03-10 14:40:30,standard,2449886923,2449886923
102,Pixel-6,7E:14:52:21:5E:91,192.168.1.138,2023-03-10 14:40:30,standard,21720742657,21720742657
103,iQOO-7,EA:A5:B9:53:19:2D,192.168.1.136,2023-03-10 14:39:00,standard,1977525137,1977525137
104,iQOO-U3x,86:A3:BF:7C:5F:41,192.168.1.137,2023-03-10 14:39:00,standard,2473503855,2473503855
105,Galaxy-S10,56:D0:C8:21:93:EA,192.168.1.135,2023-03-10 14:37:00,standard,5093653919,5093653919
106,Device 920a10d72aef0000,92:0A:10:D7:2A:EF,192.168.1.134,2023-03-10 14:37:00,standard,3938158596,3938158596
107,Device de33089cc2400000,DE:33:08:9C:C2:40,192.168.88.5,2023-03-10 14:35:30,standard,94,94
108,Ted-de-Note10,82:DD:09:52:AD:31,192.168.1.132,2023-03-10 14:35:00,standard,1190823333,1190823333
109,Galaxy-Note10,76:76:59:D1:F9:47,192.168.1.133,2023-03-10 14:35:00,standard,69673535,69673535
110,android-3591ea2f958c4c2e,D4:0B:1A:6A:1C:3C,172.26.16.20,2023-03-10 14:13:30,standard,284614,284614
111,DESKTOP-33RAMV6,00:E0:4C:68:00:29,192.168.1.104,2023-03-10 14:02:00,standard,173016420,173016420
112,99e-572,2C:33:58:CE:DE:02,10.21.244.54,2023-03-10 13:44:00,standard,5115413097,5115413097
113,HP 028213,00:24:81:02:82:13,192.168.99.23,2023-03-10 13:43:00,standard,9009862110,9009862110
114,Device be96999f937b0000,BE:96:99:9F:93:7B,,2023-03-10 13:43:00,standard,0,0
115,Device f6fae22c533b0000,F6:FA:E2:2C:53:3B,10.21.239.76,2023-03-10 13:35:30,standard,311285475,311285475
116,DESKTOP-RS389CR,10:68:38:07:07:94,10.21.236.44,2023-03-10 13:33:00,standard,3727357,3727357
117,MSI,C8:09:A8:1C:B2:59,172.26.76.18,2023-03-10 13:30:30,standard,53748,53748
118,192-168-0-100.wjmnolight.direct.quickconnect.to,CA:E7:40:4C:05:EC,192.168.0.100,2023-03-10 13:29:00,standard,22232042,22232042
119,Device 82a01fcf46440000,82:A0:1F:CF:46:44,,2023-03-10 13:26:00,standard,0,0
120,Device de80bb5afa700000,DE:80:BB:5A:FA:70,,2023-03-10 13:26:00,standard,0,0
121,Device 0612105a5ae30000,06:12:10:5A:5A:E3,192.168.88.17,2023-03-10 13:21:00,standard,480,480
122,Device 9aca46dcf0ff0000,9A:CA:46:DC:F0:FF,,2023-03-10 13:20:30,standard,0,0
123,HP 242822,00:24:81:24:28:22,192.168.99.131,2023-03-10 13:03:30,standard,0,0
124,k013727102.realtek.com.tw,62:AE:7F:2E:78:B5,10.21.233.4,2023-03-10 12:34:30,standard,24702,24702
125,BTQC_OnePlus_6T,98:09:CF:0D:C4:6C,,2023-03-10 12:16:00,standard,0,0
126,Remote 172.29.54.113,,172.29.54.113,2023-03-10 11:53:30,standard,6922,6922
127,Device 1aada26e5d060000,1A:AD:A2:6E:5D:06,192.168.88.13,2023-03-10 11:53:00,standard,0,0
128,Remote 172.29.54.111,,172.29.54.111,2023-03-10 11:52:30,standard,17414,17414
129,WebChannelStoreBrewster10,20:EF:BD:FF:27:33,10.10.40.142,2023-03-10 11:12:30,standard,1816,1816
130,Device 8eb16624f6980000,8E:B1:66:24:F6:98,,2023-03-10 11:11:00,standard,0,0
131,TB-ROUTER,00:1D:92:F7:09:90,,2023-03-10 11:10:30,standard,0,0
132,R7000,14:59:C0:A8:19:78,172.26.16.3,2023-03-10 10:46:30,standard,43162373,43162373
133,Device 00ed8c1625120000,00:ED:8C:16:25:12,,2023-03-10 10:27:30,standard,0,0
134,X069902101,F8:75:A4:13:6F:C5,,2023-03-10 10:27:30,standard,124,124
135,Device 12abadc7e59b0000,12:AB:AD:C7:E5:9B,,2023-03-10 10:23:00,standard,0,0
136,Remote 172.29.122.240,,172.29.122.240,2023-03-10 10:19:00,standard,3250650,3250650
137,ba0-422,98:2C:BC:09:D0:62,10.21.248.74,2023-03-10 10:01:30,standard,47143171,47143171
138,Meeting-MD-01A,B4:A9:FC:B6:DF:93,,2023-03-10 09:30:30,standard,89,89
139,Lichi-Pro,7E:08:38:E9:B0:92,192.168.88.21,2023-03-10 09:26:30,standard,18672,18672
140,Device a259f6dde0fd0000,A2:59:F6:DD:E0:FD,,2023-03-10 09:10:30,standard,0,0
141,laibaiydeiPhone,BC:6C:21:9E:7D:E4,10.21.233.6,2023-03-10 08:54:30,standard,180146,180146
142,Aurora 522034,00:14:82:52:20:34,192.168.99.130,2023-03-10 08:49:30,standard,949291618,949291618
143,A201245532,,172.29.118.31,2023-03-09 21:15:30,standard,38951003,38951003
144,Remote 172.21.54.234,,172.21.54.234,2023-03-09 20:11:30,standard,36453561,36453561
145,LGwebOSTV,CC:2D:8C:28:5E:C7,10.10.40.213,2023-03-09 19:45:30,standard,2733433072,2733433072
146,R082088102,7C:10:C9:51:99:1C,,2023-03-09 18:11:30,standard,0,0
147,Device 46e8bdf20d080000,46:E8:BD:F2:0D:08,172.26.6.9,2023-03-09 17:47:30,standard,448,448
148,RTSNX401,0C:37:96:0B:EE:33,172.22.221.11,2023-03-09 17:28:30,standard,175661,175661
149,Device 9212f582bea70000,92:12:F5:82:BE:A7,10.21.233.1,2023-03-09 17:28:00,standard,20292,20292
150,Remote 172.17.241.174,,172.17.241.174,2023-03-09 17:17:30,standard,0,0
151,Device e292e732ee270000,E2:92:E7:32:EE:27,192.168.88.7,2023-03-09 17:05:00,standard,480,480
152,DESKTOP-JDNITV0,4C:EB:BD:6F:81:17,,2023-03-09 16:49:30,standard,0,0
153,Device 72ef186874b90000,72:EF:18:68:74:B9,169.254.80.172,2023-03-09 16:29:00,standard,0,0
154,Remote 172.17.241.206,,172.17.241.206,2023-03-09 16:23:00,standard,13068,13068
155,Remote 172.29.118.25,,172.29.118.25,2023-03-09 16:05:30,standard,12749783,12749783
156,ASUS 0AE478,24:4B:FE:0A:E4:78,,2023-03-09 15:54:00,standard,169979,169979
157,R018958105,F0:2F:74:A4:47:86,192.168.1.19,2023-03-09 15:47:00,standard,6119851,6119851
158,HP 282781,00:24:81:28:27:81,192.168.99.123,2023-03-09 15:29:00,standard,3491334912,3491334912
159,D12,00:24:84:28:87:13,192.168.180.37,2023-03-09 15:16:30,standard,245909590,245909590
160,Remote 172.21.245.3,,172.21.245.3,2023-03-09 15:01:00,standard,53956,53956
161,Remote 172.29.54.241,,172.29.54.241,2023-03-09 14:57:30,standard,38670571624,38670571624
162,Device f245a364d3790000,F2:45:A3:64:D3:79,192.168.1.131,2023-03-09 14:57:00,standard,235524,235524
163,ChendeAir-2,98:E0:D9:99:AC:B9,,2023-03-09 14:12:00,standard,0,0
164,Remote 172.29.118.30,,172.29.118.30,2023-03-09 14:10:30,standard,26477902,26477902
165,Remote 172.29.80.9,,172.29.80.9,2023-03-09 14:09:00,discovery,0,0
166,HP 825322,00:24:81:82:53:22,192.168.99.121,2023-03-09 13:58:30,discovery,0,0
167,LGwebOSTV,64:95:6C:27:8C:61,192.168.11.125,2023-03-09 13:24:30,discovery,10812,10812
168,r3002025,00:24:81:53:28:17,192.168.99.119,2023-03-09 13:22:00,discovery,0,0
169,LGwebOSTV,E8:5B:5B:24:43:52,192.168.87.122,2023-03-09 12:23:00,standard,0,0
170,Remote 172.29.118.37,,172.29.118.37,2023-03-09 12:05:00,standard,198911,198911
171,rtksa2-ASUSPRO-D840MB-D840MA,04:D9:F5:BA:49:5C,192.168.0.105,2023-03-09 11:32:30,standard,1670148,1670148
172,99e-572,C8:7F:54:2D:5C:BF,,2023-03-09 11:27:00,discovery,16590,16590
173,RokuSelectSeries4KTV-43,54:67:E6:65:A1:0D,,2023-03-09 11:21:30,discovery,0,0
174,Device c87f540dfaec0000,C8:7F:54:0D:FA:EC,,2023-03-09 11:08:30,discovery,0,0
175,RTMNB1390,68:54:5A:42:4D:F2,10.21.239.24,2023-03-09 10:59:00,standard,1378455182,1378455182
176,863-1a0,58:CE:2A:9D:11:56,10.21.246.78,2023-03-09 10:55:00,discovery,101941062,101941062
177,charlie-ThinkPad-X13-Gen-2i,D4:3A:65:0A:F7:55,10.172.192.53,2023-03-09 10:49:30,standard,769223134,769223134
178,Intel 506914,8C:70:5A:50:69:14,192.168.31.20,2023-03-09 10:16:00,standard,37426,37426
179,DESKTOP-33RAMV6,FC:34:97:A0:A3:82,192.168.1.103,2023-03-09 10:15:00,standard,3292476,3292476
180,DESKTOP-BTRO37B,00:05:1B:C4:D5:93,10.172.192.82,2023-03-09 10:14:00,standard,1187027162,1187027162
181,Remote 172.29.118.29,,172.29.118.29,2023-03-09 10:11:00,standard,1408207263,1408207263
182,Device fee9f4c89bed0000,FE:E9:F4:C8:9B:ED,10.21.233.2,2023-03-09 09:54:30,standard,93487,93487
183,Zioncom E91DED,B8:55:10:E9:1D:ED,192.168.99.117,2023-03-09 09:53:00,standard,21330676,21330676
184,Device be68d7ff49400000,BE:68:D7:FF:49:40,10.21.233.21,2023-03-09 09:49:30,discovery,186354,186354
185,R055349105,00:E0:4C:B8:20:01,10.21.242.26,2023-03-09 09:38:30,discovery,0,0
186,Device f2c6ebacf1910000,F2:C6:EB:AC:F1:91,192.168.88.22,2023-03-09 09:32:00,discovery,64,64
187,3ed-d52,28:6B:35:42:B1:AC,10.21.245.78,2023-03-09 09:28:30,standard,64390396,64390396
188,OPPO-Reno2-Z,DE:D8:B6:BA:C0:DA,,2023-03-09 08:50:30,discovery,0,0
189,Device f0357553e0c60000,F0:35:75:53:E0:C6,192.168.31.8,2023-03-09 07:55:00,standard,110471,110471
190,MiWiFi-RC02,24:CF:24:27:89:E9,10.10.40.109,2023-03-09 07:45:30,discovery,230491560,230491560
191,Remote 172.22.235.252,,172.22.235.252,2023-03-09 04:17:00,discovery,0,0
192,Remote 172.29.118.27,,172.29.118.27,2023-03-08 23:44:30,discovery,2027806,2027806
193,LGwebOSTV,E8:5B:5B:24:31:02,10.10.40.1,2023-03-08 20:49:00,discovery,31422427,31422427
194,P027620109,54:E1:AD:94:67:26,192.168.99.58,2023-03-08 19:52:00,discovery,254918490,254918490
195,Device 063de6092e740000,06:3D:E6:09:2E:74,192.168.88.13,2023-03-08 19:33:00,discovery,0,0
196,Device de5444f09b0b0000,DE:54:44:F0:9B:0B,,2023-03-08 19:08:30,standard,0,0
197,chihchiang-B360-AORUS-GAMING-3-WIFI,E0:D5:5E:E2:00:CE,172.26.6.36,2023-03-08 18:16:30,discovery,125696,125696
198,Device 6e86f2d681920000,6E:86:F2:D6:81:92,169.254.160.33,2023-03-08 18:08:30,standard,0,0
199,DESKTOP-IK3UDMQ,08:62:66:A0:2F:FD,,2023-03-08 17:48:00,standard,0,0
200,JAD-AL50,A2:8A:D2:0A:1B:94,10.172.192.97,2023-03-08 17:45:00,discovery,0,0
201,011-106,9C:EB:E8:E0:D4:E3,192.168.99.65,2023-03-08 17:25:30,advanced,8163270,8163270
202,Device 0084825314220000,00:84:82:53:14:22,192.168.99.2,2023-03-08 17:23:30,discovery,11597426216,11597426216
203,dlinkrouter,90:94:E4:FC:56:2B,,2023-03-08 16:35:00,discovery,280,280
204,LGwebOSTV,CC:2D:4C:28:5E:C1,10.10.40.9,2023-03-08 16:30:30,standard,3405756,3405756
205,Device 406f6df4acc10000,40:6F:6D:F4:AC:C1,192.168.88.40,2023-03-08 16:29:00,standard,1680422,1680422
206,Device 6268c1cd5c600000,62:68:C1:CD:5C:60,,2023-03-08 15:51:00,discovery,0,0
207,Google 4EE2E2,CC:F4:11:4E:E2:E2,10.172.192.92,2023-03-08 15:48:00,standard,787931586,787931586
208,Galaxy-S20-5G,62:EC:13:2F:0C:81,192.168.1.130,2023-03-08 15:37:30,standard,15263637110,15263637110
209,Remote 172.29.118.8,,172.29.118.8,2023-03-08 15:28:30,standard,586833157,586833157
210,Device ba9617b2c3870000,BA:96:17:B2:C3:87,172.26.76.15,2023-03-08 15:28:00,discovery,344133,344133
211,Device 221b7130fa470000,22:1B:71:30:FA:47,192.168.3.9,2023-03-08 15:24:00,discovery,29376,29376
212,RTSNX296,0C:37:96:06:29:FB,172.26.33.30,2023-03-08 15:19:00,discovery,0,0
213,DESKTOP-UKUDF44,A8:A1:59:31:6C:26,172.26.7.22,2023-03-08 15:13:00,discovery,960,960
214,OPPO-Find-X3-Pro,8A:C1:5B:41:6F:A9,192.168.1.129,2023-03-08 15:06:00,standard,4948429377,4948429377
215,HONOR_30_Pro-ba807a2d4e0a,D2:B1:A5:8D:B1:4C,192.168.1.128,2023-03-08 15:05:00,standard,7607273672,7607273672
216,HONOR_30S-abf34e254f1b080,02:54:E3:E1:52:D5,192.168.1.127,2023-03-08 15:04:00,standard,8663889599,8663889599
217,HONOR_X10-899985eb4fc1787,B2:09:1A:68:F0:65,192.168.1.126,2023-03-08 15:01:30,standard,14950211,14950211
218,HONOR_V40-a3cb14dfc041dbc,F2:77:EA:DF:F4:F3,192.168.1.124,2023-03-08 15:00:00,standard,5551203874,5551203874
219,JER-AN20,72:46:23:10:B9:8D,192.168.1.125,2023-03-08 15:00:00,standard,4146374843,4146374843
220,Remote 10.22.78.24,,10.22.78.24,2023-03-08 14:59:30,discovery,0,0
221,iQOO-U3x,96:F0:0A:A1:49:95,192.168.1.121,2023-03-08 14:59:00,discovery,669,669
222,iQOO-U3x,86:3A:42:72:04:55,192.168.1.119,2023-03-08 14:41:30,standard,4598783804,4598783804
223,Galaxy-S10,62:92:14:EB:8D:6E,192.168.1.120,2023-03-08 14:41:30,standard,795854940,795854940
224,iQOO-7,26:87:76:88:C2:EA,192.168.1.118,2023-03-08 14:41:00,standard,14245307416,14245307416
225,Pixel-6,E2:F1:49:0B:4E:98,192.168.1.117,2023-03-08 14:41:00,standard,7818077561,7818077561
226,Device 2ea5e62b0b1a0000,2E:A5:E6:2B:0B:1A,192.168.3.7,2023-03-08 14:40:00,discovery,136384,136384
227,Sbb,D2:19:39:3C:24:87,10.21.233.26,2023-03-08 14:36:30,discovery,110237,110237
228,Galaxy-Note20-5G,52:8F:DF:6F:D3:F9,192.168.1.116,2023-03-08 14:36:00,discovery,1156,1156
229,OPPO-Find-X3-Pro,56:B9:16:2F:21:BF,192.168.1.115,2023-03-08 14:31:30,discovery,6910,6910
230,HONOR-70-Pro,22:87:38:CB:AB:01,192.168.1.112,2023-03-08 14:31:00,standard,5193968818,5193968818
231,Pixel-7-Pro,22:6A:A0:6B:FA:46,192.168.1.111,2023-03-08 14:28:00,standard,17604038,17604038
232,TOTOLINK,40:EE:15:C8:B2:BD,192.168.88.59,2023-03-08 14:25:00,standard,5404262492,5404262492
233,Galaxy-S20-5G,6E:52:F8:63:9B:AE,192.168.1.198,2023-03-08 14:16:30,discovery,43638511,43638511
234,Pixel-7-Pro,BE:99:E6:5B:7D:8C,192.168.1.197,2023-03-08 14:13:30,discovery,89380,89380
235,Samsung A22228,0C:89:10:A2:22:28,192.168.88.57,2023-03-08 14:13:00,discovery,112617513,112617513
236,LGwebOSTV,44:CB:8B:11:DE:86,,2023-03-08 14:09:30,discovery,59550552,59550552
237,zyu-G15,0C:9D:92:05:65:67,169.254.35.145,2023-03-08 14:04:00,discovery,0,0
238,Device 3e168b6d43db0000,3E:16:8B:6D:43:DB,192.168.88.22,2023-03-08 14:03:00,discovery,3097813,3097813
239,Remote 172.19.7.64,,172.19.7.64,2023-03-08 13:45:30,discovery,0,0
240,LAPTOP-P56DDBJS,F8:E4:E3:E0:71:94,10.21.244.73,2023-03-08 13:42:00,discovery,264441131,264441131
241,RTK_GW,00:E0:4C:11:23:24,192.168.1.141,2023-03-08 13:38:00,discovery,0,0
242,Device 0058148324820000,00:58:14:83:24:82,192.168.99.15,2023-03-08 13:06:00,discovery,5454717502,5454717502
243,Device 9ed428b51d140000,9E:D4:28:B5:1D:14,192.168.88.13,2023-03-08 13:03:30,discovery,2589209,2589209
244,SynologyRouter,00:11:32:B6:1B:54,192.168.99.12,2023-03-08 11:27:00,discovery,1125826647,1125826647
245,DESKTOP-FLQ9BQ4,A2:F1:0C:57:2C:CF,10.172.192.53,2023-03-08 10:54:30,discovery,0,0
246,RTMNB0024,14:85:7F:1B:6A:25,10.21.240.32,2023-03-08 10:22:30,standard,351820696,351820696
247,Device 0a31b090d73b0000,0A:31:B0:90:D7:3B,10.21.241.50,2023-03-08 10:22:00,discovery,84337,84337
248,W057492109,54:A0:50:8D:F3:16,192.168.0.101,2023-03-08 10:22:00,standard,18223173,18223173
249,Pixel-7,3A:0B:C6:F7:65:3C,192.168.88.16,2023-03-08 10:16:30,standard,7168089,7168089
250,Remote 172.29.21.105,,172.29.21.105,2023-03-08 09:54:30,discovery,0,0
251,Remote 172.29.118.5,,172.29.118.5,2023-03-08 09:51:00,standard,106454007,106454007
252,R078601101,00:E0:4C:88:14:10,10.21.236.12,2023-03-08 09:37:00,standard,8395895106,8395895106
253,Remote 172.29.118.26,,172.29.118.26,2023-03-08 09:14:30,discovery,4666430,4666430
254,Remote 172.29.118.3,,172.29.118.3,2023-03-08 08:36:30,standard,174528068,174528068
255,Remote 172.29.118.24,,172.29.118.24,2023-03-07 22:20:00,discovery,1206,1206
256,R078601101,00:E0:4C:88:14:B6,10.21.234.10,2023-03-07 21:49:00,discovery,188,188
257,Remote 10.22.11.24,,10.22.11.24,2023-03-07 21:43:00,standard,2599783034,2599783034
258,Remote 10.22.11.23,,10.22.11.23,2023-03-07 21:42:30,standard,622232828,622232828
259,Remote 10.22.11.22,,10.22.11.22,2023-03-07 21:42:30,standard,103372328,103372328
260,R078601101,00:E0:4C:88:14:C0,10.21.243.91,2023-03-07 20:56:00,discovery,1815956991,1815956991
261,R078601101,00:E0:4C:88:14:8D,10.21.234.42,2023-03-07 20:46:30,standard,655642,655642
262,U06557668,,172.29.118.22,2023-03-07 20:44:00,discovery,66657618,66657618
263,LGwebOSTV,E8:5B:5B:24:E4:77,10.10.40.124,2023-03-07 19:46:00,discovery,177014420,177014420
264,Remote 172.29.118.21,,172.29.118.21,2023-03-07 19:17:00,discovery,56667629,56667629
265,Transact Campus 271323,00:24:87:27:13:23,192.168.99.111,2023-03-07 18:43:30,standard,1016882126,1016882126
266,Remote 10.22.14.99,,10.22.14.99,2023-03-07 17:29:30,standard,7000,7000
267,Remote 10.22.14.164,,10.22.14.164,2023-03-07 17:24:00,discovery,2964,2964
268,Remote 172.29.118.20,,172.29.118.20,2023-03-07 17:20:30,standard,78024125,78024125
269,Device 5611b8e3f3840000,56:11:B8:E3:F3:84,10.21.233.2,2023-03-07 15:53:30,discovery,0,0
270,Remote 172.22.243.252,,172.22.243.252,2023-03-07 15:28:30,discovery,0,0
271,LGwebOSTV,E8:5B:5B:24:31:07,10.10.40.34,2023-03-07 15:22:30,discovery,8762,8762
272,Device beff15365b9e0000,BE:FF:15:36:5B:9E,,2023-03-07 15:19:30,discovery,0,0
273,LGwebOSTV,3C:CD:93:60:5D:8C,,2023-03-07 15:15:30,standard,7000,7000
274,rtkmm2ap3-google,28:D0:EA:02:19:08,192.168.180.77,2023-03-07 15:07:00,standard,2391008,2391008
275,wade-X550JX,2C:56:DC:16:A9:2F,,2023-03-07 15:03:00,discovery,0,0
276,Device 9c2000277f180000,9C:20:00:27:7F:18,192.168.180.76,2023-03-07 15:02:00,discovery,607635,607635
277,Remote 10.22.9.216,,10.22.9.216,2023-03-07 14:53:30,discovery,553181655,553181655
278,RTMNB1348,50:EB:F6:8B:8B:E0,172.26.33.26,2023-03-07 14:51:30,standard,813499572,813499572
279,Device 8edaf4b107920000,8E:DA:F4:B1:07:92,192.168.3.222,2023-03-07 14:48:00,standard,8166,8166
280,Device f820a93fcf9d0000,F8:20:A9:3F:CF:9D,192.168.3.1,2023-03-07 14:46:00,advanced,75720,75720
281,Remote 172.29.118.18,,172.29.118.18,2023-03-07 14:44:30,discovery,26411785,26411785
282,REALTEK SEMICONDUCTOR 0C603B,00:E0:4C:0C:60:3B,192.168.112.2,2023-03-07 14:43:30,standard,674825396,674825396
283,iPhone,48:26:2C:93:A8:14,192.168.88.41,2023-03-07 14:33:30,discovery,94,94
284,Device be97cc0d6bbe0000,BE:97:CC:0D:6B:BE,,2023-03-07 14:22:00,discovery,0,0
285,DESKTOP-THM8FLI,58:11:22:80:36:94,169.254.161.219,2023-03-07 14:21:00,discovery,0,0
286,Daintree 872426,00:22:81:87:24:26,192.168.99.102,2023-03-07 14:19:30,discovery,3061276777,3061276777
287,Device 2e15636cbcc10000,2E:15:63:6C:BC:C1,10.21.247.55,2023-03-07 14:13:00,discovery,458226454,458226454
288,Device 6e23b9cc546b0000,6E:23:B9:CC:54:6B,192.168.88.21,2023-03-07 13:52:00,discovery,320,320
289,R068652104,24:41:8C:F6:1E:F4,10.21.239.75,2023-03-07 13:19:00,standard,439102394,439102394
290,LEE-de-S23-Ultra,9E:F3:10:B6:E5:83,192.168.88.31,2023-03-07 13:15:00,discovery,1370,1370
291,Device 0085828222840000,00:85:82:82:22:84,192.168.99.100,2023-03-07 13:12:30,discovery,1716,1716
292,Pixel-6,2A:DD:80:E4:A6:EA,,2023-03-07 13:11:00,discovery,0,0
293,Remote 172.29.118.16,,172.29.118.16,2023-03-07 12:57:30,standard,3614075305,3614075305
294,Device 628859c65c490000,62:88:59:C6:5C:49,,2023-03-07 12:48:00,standard,0,0
295,Device 3eee295e2f1c0000,3E:EE:29:5E:2F:1C,192.168.88.47,2023-03-07 12:26:00,standard,0,0
296,R049976103,F0:2F:74:A4:47:F3,169.254.226.249,2023-03-07 11:25:00,discovery,0,0
297,Galaxy-S21-5G,86:25:69:95:6B:A6,192.168.88.36,2023-03-07 11:20:00,discovery,21691,21691
298,Remote 172.29.118.15,,172.29.118.15,2023-03-07 10:54:00,discovery,2930255,2930255
299,Device f0357553e1060000,F0:35:75:53:E1:06,192.168.180.75,2023-03-07 10:48:30,standard,1094298426,1094298426
300,ABR-AL00,52:3C:87:19:39:83,,2023-03-07 10:46:30,discovery,0,0
301,ABR-AL00,32:7C:ED:85:C2:6B,10.172.192.85,2023-03-07 10:46:00,discovery,0,0
302,ABR-AL00,22:33:6E:0F:EE:F1,10.172.192.88,2023-03-07 10:46:00,discovery,0,0
303,Device 260cb22bd6930000,26:0C:B2:2B:D6:93,,2023-03-07 10:44:00,discovery,0,0
304,Remote 172.29.118.11,,172.29.118.11,2023-03-07 10:12:00,discovery,75773,75773
305,Device b26cea81e2670000,B2:6C:EA:81:E2:67,10.21.233.27,2023-03-07 10:12:00,standard,1316887,1316887
306,Remote 172.29.118.13,,172.29.118.13,2023-03-07 10:08:30,standard,2176267528,2176267528
307,Pixel-6,22:CF:51:DB:2F:F4,192.168.88.29,2023-03-07 10:02:00,discovery,0,0
308,ABR-AL00,52:4A:9A:A1:5B:AA,10.172.192.97,2023-03-07 10:00:00,discovery,11080660924,11080660924
309,ABR-AL00,32:AE:DD:7C:65:78,10.172.192.94,2023-03-07 09:59:30,discovery,0,0
310,Remote 172.29.118.12,,172.29.118.12,2023-03-07 09:58:00,standard,4673955253,4673955253
311,V018062100,9C:B6:D0:1E:07:53,10.21.245.54,2023-03-07 09:55:30,discovery,134077087,134077087
312,aef-d59,C8:7F:54:2D:5B:2B,172.22.151.1,2023-03-07 09:51:00,discovery,0,0
313,r023820100,A0:88:69:7A:5C:1F,10.21.234.47,2023-03-07 09:42:00,standard,2195306240,2195306240
314,RTMNB01811,48:9E:BD:DA:93:9D,,2023-03-07 09:40:00,discovery,573,573
315,r028346108.realtek.com.tw,4E:F9:1A:D7:3A:D1,172.26.6.134,2023-03-07 09:33:30,discovery,93844,93844
316,Remote 172.19.7.65,,172.19.7.65,2023-03-07 09:33:00,discovery,0,0
317,R033070100,9E:AF:20:42:36:F7,172.26.6.73,2023-03-07 09:32:00,discovery,1408,1408
318,V024720100,D6:66:E4:A1:04:AC,172.26.6.41,2023-03-07 09:30:00,discovery,60036,60036
319,Remote 10.22.11.21,,10.22.11.21,2023-03-07 09:30:00,discovery,77851941,77851941
320,R029721107,EA:49:26:09:88:E7,172.26.6.37,2023-03-07 09:29:00,discovery,51806,51806
321,Remote 172.29.77.9,,172.29.77.9,2023-03-07 09:29:00,standard,90839575,90839575
322,rtmm164-p43s.realtek.com.tw,8E:4B:33:86:F1:F8,172.26.6.36,2023-03-07 09:27:00,discovery,4160,4160
323,Device 8a60c66bf20f0000,8A:60:C6:6B:F2:0F,172.26.6.31,2023-03-07 09:26:00,discovery,3840,3840
324,TW-100140-01,44:03:2C:EF:84:40,169.254.176.217,2023-03-07 09:24:00,discovery,0,0
325,833-068,D4:3A:65:0D:2A:C2,,2023-03-07 09:18:00,discovery,0,0
326,rtdhc82107.realtek.com.tw,1A:99:74:F4:60:62,172.26.6.30,2023-03-07 09:13:30,discovery,1664,1664
327,DESKTOP-4OBKTMA,00:F4:8D:F0:B4:AD,10.21.243.48,2023-03-07 09:04:00,standard,1826354481,1826354481
328,Remote 172.29.118.10,,172.29.118.10,2023-03-07 08:50:00,standard,184080375,184080375
329,Device 0092818223710000,00:92:81:82:23:71,192.168.99.91,2023-03-07 08:30:00,discovery,1421374304,1421374304
330,r028346108.realtek.com.tw,B2:A2:EF:EF:09:14,172.26.6.23,2023-03-07 03:54:00,discovery,512,512
331,Remote 172.29.82.252,,172.29.82.252,2023-03-07 03:22:30,discovery,0,0
332,Remote 172.29.80.15,,172.29.80.15,2023-03-07 03:06:30,discovery,0,0
333,Remote 172.29.80.5,,172.29.80.5,2023-03-07 02:51:00,discovery,0,0
334,Remote 172.29.118.36,,172.29.118.36,2023-03-07 01:04:30,standard,27267924,27267924
335,Remote 172.29.118.7,,172.29.118.7,2023-03-06 22:12:00,standard,121045843,121045843
336,LGwebOSTV,E8:5B:5B:26:34:32,192.168.180.71,2023-03-06 20:43:00,discovery,14868791,14868791
337,Remote 172.29.118.4,,172.29.118.4,2023-03-06 20:43:00,discovery,30044104,30044104
338,WIN-C0K5I3175UU,00:15:5D:03:A7:02,169.254.102.235,2023-03-06 20:41:00,discovery,0,0
339,Remote 172.29.118.1,,172.29.118.1,2023-03-06 19:06:00,standard,0,0
340,Remote 172.29.118.0,,172.29.118.0,2023-03-06 19:02:30,discovery,0,0
341,Device 0604b6b0ce480000,06:04:B6:B0:CE:48,,2023-03-06 18:45:00,standard,0,0
342,RTSNX638,50:EB:F6:8B:88:14,172.22.151.7,2023-03-06 18:25:00,discovery,0,0
343,Device 52cc3c940f940000,52:CC:3C:94:0F:94,,2023-03-06 17:44:00,discovery,0,0
344,Remote 172.16.28.26,,172.16.28.26,2023-03-06 17:33:30,standard,0,0
345,RTSNX637,50:EB:F6:8B:96:6F,172.22.151.6,2023-03-06 17:19:30,discovery,0,0
346,Pixel-7-Pro,E6:37:24:AA:5D:01,192.168.1.217,2023-03-06 17:06:00,discovery,0,0
347,858-284,58:CE:2A:9D:9F:EA,10.21.243.85,2023-03-06 16:49:00,standard,0,0
348,18a-9d6,D4:3A:65:0D:29:8D,172.22.151.5,2023-03-06 16:48:00,discovery,0,0
349,AP6084BD3DDBE0,60:84:BD:3D:DB:E0,192.168.99.89,2023-03-06 16:46:00,discovery,0,0
350,R06574304,FC:3F:DB:81:31:4A,10.10.40.156,2023-03-06 16:38:30,discovery,0,0
351,9da-6bb,C8:7F:54:2D:5C:A2,172.22.151.3,2023-03-06 16:06:00,discovery,0,0
352,833-068,78:AF:08:2B:76:F9,172.26.12.21,2023-03-06 16:00:30,standard,0,0
353,KEN_NB,AC:16:2D:4B:A3:A9,192.168.1.222,2023-03-06 15:47:30,discovery,0,0
354,RTMNB1536,50:EB:F6:8B:8A:92,172.22.151.1,2023-03-06 15:41:30,discovery,0,0
